INSERT INTO [dbo].[Vendor] ([VendorID], [VendorName], [VendorRegisterDate], [VendorRegisterBy]) VALUES (N'VDR0001', N'Hypermart', N'2015-05-07 17:54:01', N'EMP0002')
INSERT INTO [dbo].[Vendor] ([VendorID], [VendorName], [VendorRegisterDate], [VendorRegisterBy]) VALUES (N'VDR0002', N'Alfamart', N'2015-05-07 17:55:08', N'EMP0002')
INSERT INTO [dbo].[Vendor] ([VendorID], [VendorName], [VendorRegisterDate], [VendorRegisterBy]) VALUES (N'VDR0003', N'Indomart', N'2015-05-07 17:55:21', N'EMP0002')
INSERT INTO [dbo].[Vendor] ([VendorID], [VendorName], [VendorRegisterDate], [VendorRegisterBy]) VALUES (N'VDR0004', N'Carrefour', N'2015-05-07 17:55:44', N'EMP0002')
INSERT INTO [dbo].[Vendor] ([VendorID], [VendorName], [VendorRegisterDate], [VendorRegisterBy]) VALUES (N'VDR0005', N'Giant', N'2015-05-07 17:55:57', N'EMP0002')
INSERT INTO [dbo].[Milk] ([MilkID], [MilkName], [MilkInputDate], [InputBy], [MilkLifeTime]) VALUES (N'MLK0001', N'Fat-Free Milk', N'2015-05-07 17:48:55', N'EMP0002', N'2017-08-02')
INSERT INTO [dbo].[Milk] ([MilkID], [MilkName], [MilkInputDate], [InputBy], [MilkLifeTime]) VALUES (N'MLK0002', N'Organic Milk', N'2015-05-07 17:49:50', N'EMP0002', N'2017-02-06')
INSERT INTO [dbo].[Milk] ([MilkID], [MilkName], [MilkInputDate], [InputBy], [MilkLifeTime]) VALUES (N'MLK0003', N'Lactose- Free Milk', N'2015-05-07 17:50:21', N'EMP0002', N'2018-01-03')
INSERT INTO [dbo].[Milk] ([MilkID], [MilkName], [MilkInputDate], [InputBy], [MilkLifeTime]) VALUES (N'MLK0004', N'Skimmed Milk', N'2015-05-07 17:50:57', N'EMP0002', N'2016-03-07')
INSERT INTO [dbo].[Milk] ([MilkID], [MilkName], [MilkInputDate], [InputBy], [MilkLifeTime]) VALUES (N'MLK0005', N'Flavoured Milk', N'2015-05-07 17:51:46', N'EMP0002', N'2019-01-01')
INSERT INTO [dbo].[Milk] ([MilkID], [MilkName], [MilkInputDate], [InputBy], [MilkLifeTime]) VALUES (N'MLK0006', N'Evaporated Milk', N'2015-05-07 17:52:19', N'EMP0002', N'2016-12-09')
INSERT INTO [dbo].[Milk] ([MilkID], [MilkName], [MilkInputDate], [InputBy], [MilkLifeTime]) VALUES (N'MLK0007', N'Condensed Milk', N'2015-05-07 17:52:55', N'EMP0002', N'2018-05-07')
INSERT INTO [dbo].[Employee] ([EmployeeID], [EmployeeName], [EmployeeGender], [Division], [Salary], [DateOfBirth], [JoinDate], [EmployeeEmail], [PhoneNumber], [RegisteredBy], [EmployeeStatus]) VALUES (N'EMP0001', N'Wendy', N'Male', N'Human Resource', 1701301076, N'1995-06-02', N'2015-05-07 17:32:56', N'wendiciadi@gmail.com', N'0811108977', N'', N'Active')
INSERT INTO [dbo].[Employee] ([EmployeeID], [EmployeeName], [EmployeeGender], [Division], [Salary], [DateOfBirth], [JoinDate], [EmployeeEmail], [PhoneNumber], [RegisteredBy], [EmployeeStatus]) VALUES (N'EMP0002', N'Stanley Giovany', N'Male', N'Supplies', 1801382042, N'1996-11-22', N'2015-05-07 17:36:51', N'stanley.giovany@gmail.com', N'081381113396', N'EMP0001', N'Active')
INSERT INTO [dbo].[Employee] ([EmployeeID], [EmployeeName], [EmployeeGender], [Division], [Salary], [DateOfBirth], [JoinDate], [EmployeeEmail], [PhoneNumber], [RegisteredBy], [EmployeeStatus]) VALUES (N'EMP0003', N'Andre Putra', N'Male', N'Sales and Distribution', 1801383865, N'1996-02-04', N'2015-05-10 07:32:07', N'andreputra_96@rocketmail.com', N'085697495562', N'EMP0001', N'Active')
INSERT INTO [dbo].[Employee] ([EmployeeID], [EmployeeName], [EmployeeGender], [Division], [Salary], [DateOfBirth], [JoinDate], [EmployeeEmail], [PhoneNumber], [RegisteredBy], [EmployeeStatus]) VALUES (N'EMP0004', N'Kaslie', N'Male', N'Incoming Supplies', 1701331766, N'1995-12-09', N'2015-05-10 07:33:07', N'jinyi_lie@yahoo.com', N'082388196691', N'EMP0001', N'Active')
INSERT INTO [dbo].[Employee] ([EmployeeID], [EmployeeName], [EmployeeGender], [Division], [Salary], [DateOfBirth], [JoinDate], [EmployeeEmail], [PhoneNumber], [RegisteredBy], [EmployeeStatus]) VALUES (N'EMP0005', N'Tifany Inne Halim', N'Female', N'Outgoing Product', 1701295104, N'1995-11-25', N'2015-05-10 07:34:36', N'tifanyih@yahoo.com', N'08111831848', N'EMP0001', N'Active')
INSERT INTO [dbo].[Employee] ([EmployeeID], [EmployeeName], [EmployeeGender], [Division], [Salary], [DateOfBirth], [JoinDate], [EmployeeEmail], [PhoneNumber], [RegisteredBy], [EmployeeStatus]) VALUES (N'EMP0006', N'Ria Chandra', N'Female', N'Quality Management', 1701316720, N'1995-09-13', N'2015-05-10 07:35:29', N'Ryukiholic@gmail.com', N'087822214470', N'EMP0001', N'Active')
INSERT INTO [dbo].[Employee] ([EmployeeID], [EmployeeName], [EmployeeGender], [Division], [Salary], [DateOfBirth], [JoinDate], [EmployeeEmail], [PhoneNumber], [RegisteredBy], [EmployeeStatus]) VALUES (N'EMP0007', N'Imelda', N'Female', N'Finance', 1601235836, N'1994-11-04', N'2015-05-10 07:36:45', N'imelda.lee@live.com', N'08126208820', N'EMP0001', N'Active')
INSERT INTO [dbo].[DetailEmployee] ([EmployeeID], [LastUpdatedBy], [LastUpdateDate]) VALUES (N'EMP0002', N'', N'2015-05-10 07:36:57')
INSERT INTO [dbo].[DetailEmployee] ([EmployeeID], [LastUpdatedBy], [LastUpdateDate]) VALUES (N'EMP0003', N'EMP0001', N'2015-05-10 07:32:07')
INSERT INTO [dbo].[DetailEmployee] ([EmployeeID], [LastUpdatedBy], [LastUpdateDate]) VALUES (N'EMP0004', N'EMP0001', N'2015-05-10 07:33:07')
INSERT INTO [dbo].[DetailEmployee] ([EmployeeID], [LastUpdatedBy], [LastUpdateDate]) VALUES (N'EMP0005', N'EMP0001', N'2015-05-10 07:34:36')
INSERT INTO [dbo].[DetailEmployee] ([EmployeeID], [LastUpdatedBy], [LastUpdateDate]) VALUES (N'EMP0006', N'EMP0001', N'2015-05-10 07:35:29')
INSERT INTO [dbo].[DetailEmployee] ([EmployeeID], [LastUpdatedBy], [LastUpdateDate]) VALUES (N'EMP0007', N'EMP0001', N'2015-05-10 07:36:45')
INSERT INTO [dbo].[DetailCustomer] ([CustomerID], [LastUpdatedBy], [LastUpdatedDate]) VALUES (N'CST0001', N'EMP0003', N'2015-05-10 07:29:31')
INSERT INTO [dbo].[DetailCustomer] ([CustomerID], [LastUpdatedBy], [LastUpdatedDate]) VALUES (N'CST0002', N'EMP0003', N'2015-05-10 07:39:37')
INSERT INTO [dbo].[DetailCustomer] ([CustomerID], [LastUpdatedBy], [LastUpdatedDate]) VALUES (N'CST0003', N'EMP0003', N'2015-05-10 07:43:01')
INSERT INTO [dbo].[DetailCustomer] ([CustomerID], [LastUpdatedBy], [LastUpdatedDate]) VALUES (N'CST0004', N'EMP0003', N'2015-05-10 07:43:37')
INSERT INTO [dbo].[DetailCustomer] ([CustomerID], [LastUpdatedBy], [LastUpdatedDate]) VALUES (N'CST0005', N'EMP0003', N'2015-05-10 07:44:31')
INSERT INTO [dbo].[Customer] ([CustomerID], [CustomerName], [CustomerGender], [CustomerAddress], [CustomerContactNumber], [CustomerEmail], [RegisterDate], [RegisterBy]) VALUES (N'CST0001', N'Calvin', N'Male', N'BSD Griya Loka sek 1.6 blok A3 no 15 , Serpong', N'083870288477', N'calvin_rf@yahoo.com', N'2015-05-10 07:29:31', N'EMP0003')
INSERT INTO [dbo].[Customer] ([CustomerID], [CustomerName], [CustomerGender], [CustomerAddress], [CustomerContactNumber], [CustomerEmail], [RegisterDate], [RegisterBy]) VALUES (N'CST0002', N'Adhitya Surya Pratama', N'Male', N'Perumahan Budi Indah jl.Daan Mogot KM 18. Jl. Pangrango 1 blok i1 no.17 UTARA', N'081287232568', N'adhityasuryapratama@yahoo.com', N'2015-05-10 07:39:37', N'EMP0003')
INSERT INTO [dbo].[Customer] ([CustomerID], [CustomerName], [CustomerGender], [CustomerAddress], [CustomerContactNumber], [CustomerEmail], [RegisterDate], [RegisterBy]) VALUES (N'CST0003', N'Dwitrista Chlorofillano ', N'Male', N'Perumahan Budi Indah Jl. Pangrango 1 blok i1 no.17', N'08561653074', N'dgarno@binus.edu', N'2015-05-10 07:43:01', N'EMP0003')
INSERT INTO [dbo].[Customer] ([CustomerID], [CustomerName], [CustomerGender], [CustomerAddress], [CustomerContactNumber], [CustomerEmail], [RegisterDate], [RegisterBy]) VALUES (N'CST0004', N'Steven Charles', N'Male', N'Perumahan Graha Teluk Jakarta Blok SK-1 No. 2', N'087771911455', N'steven.charles2013@gmail.com', N'2015-05-10 07:43:37', N'EMP0003')
INSERT INTO [dbo].[Customer] ([CustomerID], [CustomerName], [CustomerGender], [CustomerAddress], [CustomerContactNumber], [CustomerEmail], [RegisterDate], [RegisterBy]) VALUES (N'CST0005', N'Kesia Anastashella', N'Female', N'Jl. Taman Pluit Kencana No. 12, Jakarta Utara', N'087788524502', N'omgitskei@live.com', N'2015-05-10 07:44:31', N'EMP0003')
INSERT INTO [dbo].[Cheese] ([CheeseID], [CheeseName], [CheeseInputDate], [InputedBy], [CheeseLifeTime]) VALUES (N'CHS0001', N'Roquefort', N'2015-05-07 17:38:20', N'EMP0002', N'2017-07-07')
INSERT INTO [dbo].[Cheese] ([CheeseID], [CheeseName], [CheeseInputDate], [InputedBy], [CheeseLifeTime]) VALUES (N'CHS0002', N'Camembert', N'2015-05-07 17:38:58', N'EMP0002', N'2018-01-26')
INSERT INTO [dbo].[Cheese] ([CheeseID], [CheeseName], [CheeseInputDate], [InputedBy], [CheeseLifeTime]) VALUES (N'CHS0003', N'Mozzarella', N'2015-05-07 17:39:44', N'EMP0002', N'2017-08-06')
INSERT INTO [dbo].[Cheese] ([CheeseID], [CheeseName], [CheeseInputDate], [InputedBy], [CheeseLifeTime]) VALUES (N'CHS0004', N'Emmental', N'2012-05-07 17:40:00', N'EMP0002', N'2019-01-02')
INSERT INTO [dbo].[Cheese] ([CheeseID], [CheeseName], [CheeseInputDate], [InputedBy], [CheeseLifeTime]) VALUES (N'CHS0005', N'Cheddar', N'2015-05-07 17:41:49', N'EMP0002', N'2018-03-02')
INSERT INTO [dbo].[Cheese] ([CheeseID], [CheeseName], [CheeseInputDate], [InputedBy], [CheeseLifeTime]) VALUES (N'CHS0006', N'Gouda', N'2015-05-07 17:42:55', N'EMP0002', N'2016-12-01')
INSERT INTO [dbo].[Cheese] ([CheeseID], [CheeseName], [CheeseInputDate], [InputedBy], [CheeseLifeTime]) VALUES (N'CHS0007', N'Manchego', N'2015-05-07 17:45:29', N'EMP0002', N'2016-08-21')
INSERT INTO [dbo].[Cheese] ([CheeseID], [CheeseName], [CheeseInputDate], [InputedBy], [CheeseLifeTime]) VALUES (N'CHS0008', N'Taleggio', N'2015-05-07 17:47:12', N'EMP0002', N'2017-02-28')
